firstname,lastname,email,userName,password
Ankit,Patel,ankitpatel11@gmail.com,ankitpatel11,test
Ankit,Patel,ankitpatel12@gmail.com,ankitpatel12,test
Ankit,Patel,ankitpatel13@gmail.com,ankitpatel13,test
Ankit,Patel,ankitpatel14@gmail.com,ankitpatel14,test
Ankit,Patel,ankitpatel15@gmail.com,ankitpatel15,test
Ankit,Patel,ankitpatel16@gmail.com,ankitpatel16,test
Ankit,Patel,ankitpatel17@gmail.com,ankitpatel17,test
Ankit,Patel,ankitpatel18@gmail.com,ankitpatel18,test
Ankit,Patel,ankitpatel19@gmail.com,ankitpatel19,test
Ankit,Patel,ankitpatel20@gmail.com,ankitpatel20,test
Ankit,Patel,ankitpatel21@gmail.com,ankitpatel21,test
Ankit,Patel,ankitpatel22@gmail.com,ankitpatel22,test
Ankit,Patel,ankitpatel23@gmail.com,ankitpatel23,test
Ankit,Patel,ankitpatel24@gmail.com,ankitpatel24,test
Ankit,Patel,ankitpatel25@gmail.com,ankitpatel25,test
Ankit,Patel,ankitpatel26@gmail.com,ankitpatel26,test
Ankit,Patel,ankitpatel27@gmail.com,ankitpatel27,test
Ankit,Patel,ankitpatel28@gmail.com,ankitpatel28,test
Ankit,Patel,ankitpatel29@gmail.com,ankitpatel29,test
Ankit,Patel,ankitpatel30@gmail.com,ankitpatel30,test
Ankit,Patel,ankitpatel31@gmail.com,ankitpatel31,test
Ankit,Patel,ankitpatel32@gmail.com,ankitpatel32,test
Ankit,Patel,ankitpatel33@gmail.com,ankitpatel33,test
Ankit,Patel,ankitpatel34@gmail.com,ankitpatel34,test
Ankit,Patel,ankitpatel35@gmail.com,ankitpatel35,test
Ankit,Patel,ankitpatel36@gmail.com,ankitpatel36,test
Ankit,Patel,ankitpatel37@gmail.com,ankitpatel37,test
Ankit,Patel,ankitpatel38@gmail.com,ankitpatel38,test
Ankit,Patel,ankitpatel39@gmail.com,ankitpatel39,test
Ankit,Patel,ankitpatel40@gmail.com,ankitpatel40,test
Ankit,Patel,ankitpatel41@gmail.com,ankitpatel41,test
Ankit,Patel,ankitpatel42@gmail.com,ankitpatel42,test
Ankit,Patel,ankitpatel43@gmail.com,ankitpatel43,test
Ankit,Patel,ankitpatel44@gmail.com,ankitpatel44,test
Ankit,Patel,ankitpatel45@gmail.com,ankitpatel45,test
Ankit,Patel,ankitpatel46@gmail.com,ankitpatel46,test
Ankit,Patel,ankitpatel47@gmail.com,ankitpatel47,test
Ankit,Patel,ankitpatel48@gmail.com,ankitpatel48,test
Ankit,Patel,ankitpatel49@gmail.com,ankitpatel49,test
Ankit,Patel,ankitpatel50@gmail.com,ankitpatel50,test
Ankit,Patel,ankitpatel51@gmail.com,ankitpatel51,test
Ankit,Patel,ankitpatel52@gmail.com,ankitpatel52,test
Ankit,Patel,ankitpatel53@gmail.com,ankitpatel53,test
Ankit,Patel,ankitpatel54@gmail.com,ankitpatel54,test
Ankit,Patel,ankitpatel55@gmail.com,ankitpatel55,test
Ankit,Patel,ankitpatel56@gmail.com,ankitpatel56,test
Ankit,Patel,ankitpatel57@gmail.com,ankitpatel57,test
Ankit,Patel,ankitpatel58@gmail.com,ankitpatel58,test
Ankit,Patel,ankitpatel59@gmail.com,ankitpatel59,test
Ankit,Patel,ankitpatel60@gmail.com,ankitpatel60,test
Ankit,Patel,ankitpatel61@gmail.com,ankitpatel61,test
Ankit,Patel,ankitpatel62@gmail.com,ankitpatel62,test
Ankit,Patel,ankitpatel63@gmail.com,ankitpatel63,test
Ankit,Patel,ankitpatel64@gmail.com,ankitpatel64,test
Ankit,Patel,ankitpatel65@gmail.com,ankitpatel65,test
Ankit,Patel,ankitpatel66@gmail.com,ankitpatel66,test
Ankit,Patel,ankitpatel67@gmail.com,ankitpatel67,test
Ankit,Patel,ankitpatel68@gmail.com,ankitpatel68,test
Ankit,Patel,ankitpatel69@gmail.com,ankitpatel69,test
Ankit,Patel,ankitpatel70@gmail.com,ankitpatel70,test
Ankit,Patel,ankitpatel71@gmail.com,ankitpatel71,test
Ankit,Patel,ankitpatel72@gmail.com,ankitpatel72,test
Ankit,Patel,ankitpatel73@gmail.com,ankitpatel73,test
Ankit,Patel,ankitpatel74@gmail.com,ankitpatel74,test
Ankit,Patel,ankitpatel75@gmail.com,ankitpatel75,test
Ankit,Patel,ankitpatel76@gmail.com,ankitpatel76,test
Ankit,Patel,ankitpatel77@gmail.com,ankitpatel77,test
Ankit,Patel,ankitpatel78@gmail.com,ankitpatel78,test
Ankit,Patel,ankitpatel79@gmail.com,ankitpatel79,test
Ankit,Patel,ankitpatel80@gmail.com,ankitpatel80,test
Ankit,Patel,ankitpatel81@gmail.com,ankitpatel81,test
Ankit,Patel,ankitpatel82@gmail.com,ankitpatel82,test
Ankit,Patel,ankitpatel83@gmail.com,ankitpatel83,test
Ankit,Patel,ankitpatel84@gmail.com,ankitpatel84,test
Ankit,Patel,ankitpatel85@gmail.com,ankitpatel85,test
Ankit,Patel,ankitpatel86@gmail.com,ankitpatel86,test
Ankit,Patel,ankitpatel87@gmail.com,ankitpatel87,test
Ankit,Patel,ankitpatel88@gmail.com,ankitpatel88,test
Ankit,Patel,ankitpatel89@gmail.com,ankitpatel89,test
Ankit,Patel,ankitpatel90@gmail.com,ankitpatel90,test
Ankit,Patel,ankitpatel91@gmail.com,ankitpatel91,test
Ankit,Patel,ankitpatel92@gmail.com,ankitpatel92,test
Ankit,Patel,ankitpatel93@gmail.com,ankitpatel93,test
Ankit,Patel,ankitpatel94@gmail.com,ankitpatel94,test
Ankit,Patel,ankitpatel95@gmail.com,ankitpatel95,test
Ankit,Patel,ankitpatel96@gmail.com,ankitpatel96,test
Ankit,Patel,ankitpatel97@gmail.com,ankitpatel97,test
Ankit,Patel,ankitpatel98@gmail.com,ankitpatel98,test
Ankit,Patel,ankitpatel99@gmail.com,ankitpatel99,test
Ankit,Patel,ankitpatel100@gmail.com,ankitpatel100,test
Ankit,Patel,ankitpatel101@gmail.com,ankitpatel101,test
Ankit,Patel,ankitpatel102@gmail.com,ankitpatel102,test
Ankit,Patel,ankitpatel103@gmail.com,ankitpatel103,test
Ankit,Patel,ankitpatel104@gmail.com,ankitpatel104,test
Ankit,Patel,ankitpatel105@gmail.com,ankitpatel105,test
Ankit,Patel,ankitpatel106@gmail.com,ankitpatel106,test
Ankit,Patel,ankitpatel107@gmail.com,ankitpatel107,test
Ankit,Patel,ankitpatel108@gmail.com,ankitpatel108,test
Ankit,Patel,ankitpatel109@gmail.com,ankitpatel109,test
Ankit,Patel,ankitpatel110@gmail.com,ankitpatel110,test
